id,user_id,desk_id,booking_date
1,1,1,2026-07-01
2,2,2,2026-07-01
3,3,3,2026-07-01
4,4,4,2026-07-01
5,6,5,2026-07-01
6,7,6,2026-07-01
7,8,7,2026-07-01
8,9,8,2026-07-01
9,10,9,2026-07-01
10,12,10,2026-07-01
11,13,11,2026-07-01
12,14,12,2026-07-01
13,1,1,2026-07-02
14,2,2,2026-07-02
15,3,3,2026-07-02
16,6,4,2026-07-02
17,7,5,2026-07-02
18,8,6,2026-07-02
19,9,7,2026-07-02
20,12,8,2026-07-02
21,13,9,2026-07-02
22,14,10,2026-07-02
23,15,11,2026-07-02
24,18,12,2026-07-02
25,1,1,2026-07-03
26,2,2,2026-07-03
27,3,3,2026-07-03
28,6,4,2026-07-03
29,7,5,2026-07-03
30,8,6,2026-07-03
31,12,7,2026-07-03
32,13,8,2026-07-03
33,14,9,2026-07-03
34,18,10,2026-07-03
35,19,11,2026-07-03
36,24,12,2026-07-03
37,1,1,2026-07-06
38,2,2,2026-07-06
39,3,3,2026-07-06
40,4,4,2026-07-06
41,6,5,2026-07-06
42,7,6,2026-07-06
43,8,7,2026-07-06
44,9,8,2026-07-06
45,12,9,2026-07-06
46,13,10,2026-07-06
47,14,11,2026-07-06
48,15,12,2026-07-06
49,1,1,2026-07-07
50,2,2,2026-07-07
51,3,3,2026-07-07
52,4,4,2026-07-07
53,6,5,2026-07-07
54,7,6,2026-07-07
55,8,7,2026-07-07
56,9,8,2026-07-07
57,12,9,2026-07-07
58,13,10,2026-07-07
59,14,11,2026-07-07
60,15,12,2026-07-07
61,1,1,2026-07-08
62,2,2,2026-07-08
63,3,3,2026-07-08
64,4,4,2026-07-08
65,6,5,2026-07-08
66,7,6,2026-07-08
67,8,7,2026-07-08
68,9,8,2026-07-08
69,10,9,2026-07-08
70,12,10,2026-07-08
71,13,11,2026-07-08
72,14,12,2026-07-08
73,1,1,2026-07-09
74,2,2,2026-07-09
75,3,3,2026-07-09
76,6,4,2026-07-09
77,7,5,2026-07-09
78,8,6,2026-07-09
79,9,7,2026-07-09
80,12,8,2026-07-09
81,13,9,2026-07-09
82,14,10,2026-07-09
83,15,11,2026-07-09
84,18,12,2026-07-09
85,1,1,2026-07-10
86,2,2,2026-07-10
87,6,3,2026-07-10
88,7,4,2026-07-10
89,8,5,2026-07-10
90,12,6,2026-07-10
91,13,7,2026-07-10
92,14,8,2026-07-10
93,18,9,2026-07-10
94,19,10,2026-07-10
95,24,11,2026-07-10
96,25,12,2026-07-10
97,1,1,2026-07-13
98,2,2,2026-07-13
99,3,3,2026-07-13
100,6,4,2026-07-13
101,7,5,2026-07-13
102,8,6,2026-07-13
103,9,7,2026-07-13
104,12,8,2026-07-13
105,13,9,2026-07-13
106,14,10,2026-07-13
107,15,11,2026-07-13
108,18,12,2026-07-13
109,1,1,2026-07-14
110,2,2,2026-07-14
111,3,3,2026-07-14
112,6,4,2026-07-14
113,7,5,2026-07-14
114,8,6,2026-07-14
115,9,7,2026-07-14
116,12,8,2026-07-14
117,13,9,2026-07-14
118,14,10,2026-07-14
119,15,11,2026-07-14
120,17,12,2026-07-14
121,1,1,2026-07-15
122,2,2,2026-07-15
123,3,3,2026-07-15
124,4,4,2026-07-15
125,6,5,2026-07-15
126,7,6,2026-07-15
127,8,7,2026-07-15
128,9,8,2026-07-15
129,12,9,2026-07-15
130,13,10,2026-07-15
131,14,11,2026-07-15
132,15,12,2026-07-15
133,1,1,2026-07-16
134,2,2,2026-07-16
135,3,3,2026-07-16
136,6,4,2026-07-16
137,7,5,2026-07-16
138,8,6,2026-07-16
139,11,7,2026-07-16
140,12,8,2026-07-16
141,13,9,2026-07-16
142,14,10,2026-07-16
143,17,11,2026-07-16
144,18,12,2026-07-16
145,1,1,2026-07-17
146,2,2,2026-07-17
147,6,3,2026-07-17
148,7,4,2026-07-17
149,8,5,2026-07-17
150,11,6,2026-07-17
151,12,7,2026-07-17
152,13,8,2026-07-17
153,14,9,2026-07-17
154,17,10,2026-07-17
155,18,11,2026-07-17
156,19,12,2026-07-17
157,1,1,2026-07-20
158,2,2,2026-07-20
159,3,3,2026-07-20
160,5,4,2026-07-20
161,6,5,2026-07-20
162,7,6,2026-07-20
163,8,7,2026-07-20
164,11,8,2026-07-20
165,12,9,2026-07-20
166,13,10,2026-07-20
167,14,11,2026-07-20
168,17,12,2026-07-20
169,1,1,2026-07-21
170,2,2,2026-07-21
171,3,3,2026-07-21
172,5,4,2026-07-21
173,6,5,2026-07-21
174,7,6,2026-07-21
175,8,7,2026-07-21
176,9,8,2026-07-21
177,11,9,2026-07-21
178,12,10,2026-07-21
179,13,11,2026-07-21
180,14,12,2026-07-21
181,1,1,2026-07-22
182,2,2,2026-07-22
183,3,3,2026-07-22
184,5,4,2026-07-22
185,6,5,2026-07-22
186,7,6,2026-07-22
187,8,7,2026-07-22
188,9,8,2026-07-22
189,11,9,2026-07-22
190,12,10,2026-07-22
191,13,11,2026-07-22
192,14,12,2026-07-22
193,1,1,2026-07-23
194,2,2,2026-07-23
195,5,3,2026-07-23
196,6,4,2026-07-23
197,7,5,2026-07-23
198,8,6,2026-07-23
199,11,7,2026-07-23
200,12,8,2026-07-23
201,13,9,2026-07-23
202,14,10,2026-07-23
203,17,11,2026-07-23
204,18,12,2026-07-23
205,1,1,2026-07-24
206,2,2,2026-07-24
207,5,3,2026-07-24
208,6,4,2026-07-24
209,7,5,2026-07-24
210,11,6,2026-07-24
211,12,7,2026-07-24
212,13,8,2026-07-24
213,17,9,2026-07-24
214,18,10,2026-07-24
215,23,11,2026-07-24
216,24,12,2026-07-24
217,1,1,2026-07-27
218,2,2,2026-07-27
219,5,3,2026-07-27
220,6,4,2026-07-27
221,7,5,2026-07-27
222,8,6,2026-07-27
223,11,7,2026-07-27
224,12,8,2026-07-27
225,13,9,2026-07-27
226,14,10,2026-07-27
227,17,11,2026-07-27
228,18,12,2026-07-27
229,1,1,2026-07-28
230,2,2,2026-07-28
231,3,3,2026-07-28
232,5,4,2026-07-28
233,6,5,2026-07-28
234,7,6,2026-07-28
235,8,7,2026-07-28
236,11,8,2026-07-28
237,12,9,2026-07-28
238,13,10,2026-07-28
239,14,11,2026-07-28
240,17,12,2026-07-28
241,1,1,2026-07-29
242,2,2,2026-07-29
243,3,3,2026-07-29
244,5,4,2026-07-29
245,6,5,2026-07-29
246,7,6,2026-07-29
247,8,7,2026-07-29
248,11,8,2026-07-29
249,12,9,2026-07-29
250,13,10,2026-07-29
251,14,11,2026-07-29
252,17,12,2026-07-29
253,1,1,2026-07-30
254,2,2,2026-07-30
255,5,3,2026-07-30
256,6,4,2026-07-30
257,7,5,2026-07-30
258,11,6,2026-07-30
259,12,7,2026-07-30
260,13,8,2026-07-30
261,17,9,2026-07-30
262,18,10,2026-07-30
263,22,11,2026-07-30
264,23,12,2026-07-30
265,1,1,2026-07-31
266,5,2,2026-07-31
267,6,3,2026-07-31
268,7,4,2026-07-31
269,11,5,2026-07-31
270,12,6,2026-07-31
271,13,7,2026-07-31
272,16,8,2026-07-31
273,17,9,2026-07-31
274,18,10,2026-07-31
275,22,11,2026-07-31
276,23,12,2026-07-31
277,1,1,2026-08-03
278,2,2,2026-08-03
279,5,3,2026-08-03
280,6,4,2026-08-03
281,7,5,2026-08-03
282,8,6,2026-08-03
283,10,7,2026-08-03
284,11,8,2026-08-03
285,12,9,2026-08-03
286,13,10,2026-08-03
287,14,11,2026-08-03
288,16,12,2026-08-03
289,1,1,2026-08-04
290,2,2,2026-08-04
291,4,3,2026-08-04
292,5,4,2026-08-04
293,6,5,2026-08-04
294,7,6,2026-08-04
295,8,7,2026-08-04
296,10,8,2026-08-04
297,11,9,2026-08-04
298,12,10,2026-08-04
299,13,11,2026-08-04
300,14,12,2026-08-04
301,1,1,2026-08-05
302,2,2,2026-08-05
303,4,3,2026-08-05
304,5,4,2026-08-05
305,6,5,2026-08-05
306,7,6,2026-08-05
307,8,7,2026-08-05
308,10,8,2026-08-05
309,11,9,2026-08-05
310,12,10,2026-08-05
311,13,11,2026-08-05
312,14,12,2026-08-05
313,1,1,2026-08-06
314,4,2,2026-08-06
315,5,3,2026-08-06
316,6,4,2026-08-06
317,7,5,2026-08-06
318,10,6,2026-08-06
319,11,7,2026-08-06
320,12,8,2026-08-06
321,13,9,2026-08-06
322,16,10,2026-08-06
323,17,11,2026-08-06
324,18,12,2026-08-06
325,1,1,2026-08-07
326,4,2,2026-08-07
327,5,3,2026-08-07
328,6,4,2026-08-07
329,10,5,2026-08-07
330,11,6,2026-08-07
331,12,7,2026-08-07
332,16,8,2026-08-07
333,17,9,2026-08-07
334,18,10,2026-08-07
335,22,11,2026-08-07
336,23,12,2026-08-07
337,1,1,2026-08-10
338,2,2,2026-08-10
339,4,3,2026-08-10
340,5,4,2026-08-10
341,6,5,2026-08-10
342,7,6,2026-08-10
343,10,7,2026-08-10
344,11,8,2026-08-10
345,12,9,2026-08-10
346,13,10,2026-08-10
347,16,11,2026-08-10
348,17,12,2026-08-10
349,1,1,2026-08-11
350,2,2,2026-08-11
351,4,3,2026-08-11
352,5,4,2026-08-11
353,6,5,2026-08-11
354,7,6,2026-08-11
355,10,7,2026-08-11
356,11,8,2026-08-11
357,12,9,2026-08-11
358,13,10,2026-08-11
359,16,11,2026-08-11
360,17,12,2026-08-11
361,1,1,2026-08-12
362,2,2,2026-08-12
363,4,3,2026-08-12
364,5,4,2026-08-12
365,6,5,2026-08-12
366,7,6,2026-08-12
367,10,7,2026-08-12
368,11,8,2026-08-12
369,12,9,2026-08-12
370,13,10,2026-08-12
371,16,11,2026-08-12
372,17,12,2026-08-12
373,1,1,2026-08-13
374,4,2,2026-08-13
375,5,3,2026-08-13
376,6,4,2026-08-13
377,10,5,2026-08-13
378,11,6,2026-08-13
379,12,7,2026-08-13
380,16,8,2026-08-13
381,17,9,2026-08-13
382,18,10,2026-08-13
383,22,11,2026-08-13
384,23,12,2026-08-13
385,4,1,2026-08-14
386,5,2,2026-08-14
387,6,3,2026-08-14
388,10,4,2026-08-14
389,11,5,2026-08-14
390,12,6,2026-08-14
391,16,7,2026-08-14
392,17,8,2026-08-14
393,18,9,2026-08-14
394,22,10,2026-08-14
395,23,11,2026-08-14
396,27,12,2026-08-14
397,1,1,2026-08-17
398,4,2,2026-08-17
399,5,3,2026-08-17
400,6,4,2026-08-17
401,7,5,2026-08-17
402,10,6,2026-08-17
403,11,7,2026-08-17
404,12,8,2026-08-17
405,13,9,2026-08-17
406,15,10,2026-08-17
407,16,11,2026-08-17
408,17,12,2026-08-17
409,1,1,2026-08-18
410,4,2,2026-08-18
411,5,3,2026-08-18
412,6,4,2026-08-18
413,7,5,2026-08-18
414,10,6,2026-08-18
415,11,7,2026-08-18
416,12,8,2026-08-18
417,13,9,2026-08-18
418,15,10,2026-08-18
419,16,11,2026-08-18
420,17,12,2026-08-18
421,1,1,2026-08-19
422,2,2,2026-08-19
423,4,3,2026-08-19
424,5,4,2026-08-19
425,6,5,2026-08-19
426,7,6,2026-08-19
427,9,7,2026-08-19
428,10,8,2026-08-19
429,11,9,2026-08-19
430,12,10,2026-08-19
431,13,11,2026-08-19
432,15,12,2026-08-19
433,4,1,2026-08-20
434,5,2,2026-08-20
435,6,3,2026-08-20
436,9,4,2026-08-20
437,10,5,2026-08-20
438,11,6,2026-08-20
439,12,7,2026-08-20
440,15,8,2026-08-20
441,16,9,2026-08-20
442,17,10,2026-08-20
443,18,11,2026-08-20
444,21,12,2026-08-20
445,3,1,2026-08-21
446,4,2,2026-08-21
447,5,3,2026-08-21
448,6,4,2026-08-21
449,9,5,2026-08-21
450,10,6,2026-08-21
451,11,7,2026-08-21
452,15,8,2026-08-21
453,16,9,2026-08-21
454,17,10,2026-08-21
455,21,11,2026-08-21
456,22,12,2026-08-21
457,1,1,2026-08-24
458,3,2,2026-08-24
459,4,3,2026-08-24
460,5,4,2026-08-24
461,6,5,2026-08-24
462,9,6,2026-08-24
463,10,7,2026-08-24
464,11,8,2026-08-24
465,12,9,2026-08-24
466,15,10,2026-08-24
467,16,11,2026-08-24
468,17,12,2026-08-24
469,1,1,2026-08-25
470,3,2,2026-08-25
471,4,3,2026-08-25
472,5,4,2026-08-25
473,6,5,2026-08-25
474,9,6,2026-08-25
475,10,7,2026-08-25
476,11,8,2026-08-25
477,12,9,2026-08-25
478,15,10,2026-08-25
479,16,11,2026-08-25
480,17,12,2026-08-25
481,1,1,2026-08-26
482,3,2,2026-08-26
483,4,3,2026-08-26
484,5,4,2026-08-26
485,6,5,2026-08-26
486,7,6,2026-08-26
487,9,7,2026-08-26
488,10,8,2026-08-26
489,11,9,2026-08-26
490,12,10,2026-08-26
491,13,11,2026-08-26
492,15,12,2026-08-26
493,3,1,2026-08-27
494,4,2,2026-08-27
495,5,3,2026-08-27
496,6,4,2026-08-27
497,9,5,2026-08-27
498,10,6,2026-08-27
499,11,7,2026-08-27
500,12,8,2026-08-27
501,15,9,2026-08-27
502,16,10,2026-08-27
503,17,11,2026-08-27
504,18,12,2026-08-27
505,3,1,2026-08-28
506,4,2,2026-08-28
507,5,3,2026-08-28
508,9,4,2026-08-28
509,10,5,2026-08-28
510,11,6,2026-08-28
511,15,7,2026-08-28
512,16,8,2026-08-28
513,17,9,2026-08-28
514,21,10,2026-08-28
515,22,11,2026-08-28
516,27,12,2026-08-28
517,3,1,2026-08-31
518,4,2,2026-08-31
519,5,3,2026-08-31
520,6,4,2026-08-31
521,9,5,2026-08-31
522,10,6,2026-08-31
523,11,7,2026-08-31
524,12,8,2026-08-31
525,15,9,2026-08-31
526,16,10,2026-08-31
527,17,11,2026-08-31
528,18,12,2026-08-31
529,3,1,2026-09-01
530,4,2,2026-09-01
531,5,3,2026-09-01
532,6,4,2026-09-01
533,9,5,2026-09-01
534,10,6,2026-09-01
535,11,7,2026-09-01
536,12,8,2026-09-01
537,15,9,2026-09-01
538,16,10,2026-09-01
539,17,11,2026-09-01
540,18,12,2026-09-01
541,1,1,2026-09-02
542,3,2,2026-09-02
543,4,3,2026-09-02
544,5,4,2026-09-02
545,6,5,2026-09-02
546,9,6,2026-09-02
547,10,7,2026-09-02
548,11,8,2026-09-02
549,12,9,2026-09-02
550,15,10,2026-09-02
551,16,11,2026-09-02
552,17,12,2026-09-02
553,3,1,2026-09-03
554,4,2,2026-09-03
555,5,3,2026-09-03
556,6,4,2026-09-03
557,9,5,2026-09-03
558,10,6,2026-09-03
559,11,7,2026-09-03
560,14,8,2026-09-03
561,15,9,2026-09-03
562,16,10,2026-09-03
563,17,11,2026-09-03
564,20,12,2026-09-03
565,3,1,2026-09-04
566,4,2,2026-09-04
567,5,3,2026-09-04
568,9,4,2026-09-04
569,10,5,2026-09-04
570,11,6,2026-09-04
571,14,7,2026-09-04
572,15,8,2026-09-04
573,16,9,2026-09-04
574,17,10,2026-09-04
575,20,11,2026-09-04
576,21,12,2026-09-04
577,2,1,2026-09-07
578,3,2,2026-09-07
579,4,3,2026-09-07
580,5,4,2026-09-07
581,6,5,2026-09-07
582,8,6,2026-09-07
583,9,7,2026-09-07
584,10,8,2026-09-07
585,11,9,2026-09-07
586,14,10,2026-09-07
587,15,11,2026-09-07
588,16,12,2026-09-07
589,2,1,2026-09-08
590,3,2,2026-09-08
591,4,3,2026-09-08
592,5,4,2026-09-08
593,6,5,2026-09-08
594,8,6,2026-09-08
595,9,7,2026-09-08
596,10,8,2026-09-08
597,11,9,2026-09-08
598,12,10,2026-09-08
599,14,11,2026-09-08
600,15,12,2026-09-08
601,2,1,2026-09-09
602,3,2,2026-09-09
603,4,3,2026-09-09
604,5,4,2026-09-09
605,6,5,2026-09-09
606,8,6,2026-09-09
607,9,7,2026-09-09
608,10,8,2026-09-09
609,11,9,2026-09-09
610,12,10,2026-09-09
611,14,11,2026-09-09
612,15,12,2026-09-09
613,2,1,2026-09-10
614,3,2,2026-09-10
615,4,3,2026-09-10
616,5,4,2026-09-10
617,8,5,2026-09-10
618,9,6,2026-09-10
619,10,7,2026-09-10
620,11,8,2026-09-10
621,14,9,2026-09-10
622,15,10,2026-09-10
623,16,11,2026-09-10
624,17,12,2026-09-10
625,2,1,2026-09-11
626,3,2,2026-09-11
627,4,3,2026-09-11
628,5,4,2026-09-11
629,8,5,2026-09-11
630,9,6,2026-09-11
631,10,7,2026-09-11
632,14,8,2026-09-11
633,15,9,2026-09-11
634,16,10,2026-09-11
635,20,11,2026-09-11
636,21,12,2026-09-11
637,2,1,2026-09-14
638,3,2,2026-09-14
639,4,3,2026-09-14
640,5,4,2026-09-14
641,8,5,2026-09-14
642,9,6,2026-09-14
643,10,7,2026-09-14
644,11,8,2026-09-14
645,14,9,2026-09-14
646,15,10,2026-09-14
647,16,11,2026-09-14
648,17,12,2026-09-14
649,2,1,2026-09-15
650,3,2,2026-09-15
651,4,3,2026-09-15
652,5,4,2026-09-15
653,6,5,2026-09-15
654,8,6,2026-09-15
655,9,7,2026-09-15
656,10,8,2026-09-15
657,11,9,2026-09-15
658,14,10,2026-09-15
659,15,11,2026-09-15
660,16,12,2026-09-15
661,2,1,2026-09-16
662,3,2,2026-09-16
663,4,3,2026-09-16
664,5,4,2026-09-16
665,6,5,2026-09-16
666,8,6,2026-09-16
667,9,7,2026-09-16
668,10,8,2026-09-16
669,11,9,2026-09-16
670,14,10,2026-09-16
671,15,11,2026-09-16
672,16,12,2026-09-16
673,2,1,2026-09-17
674,3,2,2026-09-17
675,4,3,2026-09-17
676,5,4,2026-09-17
677,8,5,2026-09-17
678,9,6,2026-09-17
679,10,7,2026-09-17
680,14,8,2026-09-17
681,15,9,2026-09-17
682,16,10,2026-09-17
683,20,11,2026-09-17
684,21,12,2026-09-17
685,2,1,2026-09-18
686,3,2,2026-09-18
687,4,3,2026-09-18
688,8,4,2026-09-18
689,9,5,2026-09-18
690,10,6,2026-09-18
691,14,7,2026-09-18
692,15,8,2026-09-18
693,16,9,2026-09-18
694,19,10,2026-09-18
695,20,11,2026-09-18
696,21,12,2026-09-18
697,2,1,2026-09-21
698,3,2,2026-09-21
699,4,3,2026-09-21
700,5,4,2026-09-21
701,8,5,2026-09-21
702,9,6,2026-09-21
703,10,7,2026-09-21
704,11,8,2026-09-21
705,13,9,2026-09-21
706,14,10,2026-09-21
707,15,11,2026-09-21
708,16,12,2026-09-21
709,2,1,2026-09-22
710,3,2,2026-09-22
711,4,3,2026-09-22
712,5,4,2026-09-22
713,7,5,2026-09-22
714,8,6,2026-09-22
715,9,7,2026-09-22
716,10,8,2026-09-22
717,11,9,2026-09-22
718,13,10,2026-09-22
719,14,11,2026-09-22
720,15,12,2026-09-22
721,2,1,2026-09-23
722,3,2,2026-09-23
723,4,3,2026-09-23
724,5,4,2026-09-23
725,7,5,2026-09-23
726,8,6,2026-09-23
727,9,7,2026-09-23
728,10,8,2026-09-23
729,11,9,2026-09-23
730,13,10,2026-09-23
731,14,11,2026-09-23
732,15,12,2026-09-23
733,1,1,2026-09-24
734,2,2,2026-09-24
735,3,3,2026-09-24
736,4,4,2026-09-24
737,7,5,2026-09-24
738,8,6,2026-09-24
739,9,7,2026-09-24
740,10,8,2026-09-24
741,13,9,2026-09-24
742,14,10,2026-09-24
743,15,11,2026-09-24
744,16,12,2026-09-24
745,1,1,2026-09-25
746,2,2,2026-09-25
747,3,3,2026-09-25
748,4,4,2026-09-25
749,7,5,2026-09-25
750,8,6,2026-09-25
751,9,7,2026-09-25
752,13,8,2026-09-25
753,14,9,2026-09-25
754,15,10,2026-09-25
755,19,11,2026-09-25
756,20,12,2026-09-25
757,1,1,2026-09-28
758,2,2,2026-09-28
759,3,3,2026-09-28
760,4,4,2026-09-28
761,5,5,2026-09-28
762,7,6,2026-09-28
763,8,7,2026-09-28
764,9,8,2026-09-28
765,10,9,2026-09-28
766,13,10,2026-09-28
767,14,11,2026-09-28
768,15,12,2026-09-28
769,1,1,2026-09-29
770,2,2,2026-09-29
771,3,3,2026-09-29
772,4,4,2026-09-29
773,5,5,2026-09-29
774,7,6,2026-09-29
775,8,7,2026-09-29
776,9,8,2026-09-29
777,10,9,2026-09-29
778,13,10,2026-09-29
779,14,11,2026-09-29
780,15,12,2026-09-29
781,1,1,2026-09-30
782,2,2,2026-09-30
783,3,3,2026-09-30
784,4,4,2026-09-30
785,5,5,2026-09-30
786,7,6,2026-09-30
787,8,7,2026-09-30
788,9,8,2026-09-30
789,10,9,2026-09-30
790,13,10,2026-09-30
791,14,11,2026-09-30
792,15,12,2026-09-30
