id,first_name,last_name,email,team_id
1,Olivia,Carter,olivia.carter@example.com,1
2,Daniel,Nguyen,daniel.nguyen@example.com,1
3,Priya,Shah,priya.shah@example.com,1
4,Noah,Lee,noah.lee@example.com,1
5,Sofia,Martinez,sofia.martinez@example.com,1
6,Ethan,Walker,ethan.walker@example.com,1
7,Emma,Wilson,emma.wilson@example.com,2
8,Liam,Thompson,liam.thompson@example.com,2
9,Mia,Garcia,mia.garcia@example.com,2
10,Jacob,Moore,jacob.moore@example.com,2
11,Ava,Johnson,ava.johnson@example.com,2
12,Lucas,Brown,lucas.brown@example.com,2
13,Zoe,Davis,zoe.davis@example.com,3
14,Mason,Clark,mason.clark@example.com,3
15,Chloe,Rodriguez,chloe.rodriguez@example.com,3
16,Henry,Young,henry.young@example.com,3
17,Grace,Allen,grace.allen@example.com,3
18,Benjamin,Hall,benjamin.hall@example.com,3
19,Julia,Perez,julia.perez@example.com,4
20,Samuel,Scott,samuel.scott@example.com,4
21,Ella,Campbell,ella.campbell@example.com,4
22,Jack,Mitchell,jack.mitchell@example.com,4
23,Hannah,Baker,hannah.baker@example.com,4
24,Leo,Roberts,leo.roberts@example.com,4
25,Scarlett,Evans,scarlett.evans@example.com,5
26,Owen,Wright,owen.wright@example.com,5
27,Lucy,Green,lucy.green@example.com,5
28,Nathan,Adams,nathan.adams@example.com,5
29,Isabelle,Turner,isabelle.turner@example.com,5
30,Daniel,Cox,daniel.cox@example.com,5
